"name","phone","cc","date","amount","restaurant","guests","wine"
"Natalie Hunter","(211) 386-8765","5575 9268 9862 3963","03/13/23","$62.26","Ninita",2,"No"
"Raya Wyatt","(460) 697-7687","347875873273791","09/25/22","$172.32","Charlestown Brewery Pub",1,"Yes"
"Evan Bradford","(866) 854-1877","5523767384423671","05/12/23","$48.25","Ninita",2,"Yes"
"Baker Russo","(928) 781-5770","4286 697 18 8899","05/17/23","$215.48","Charlestown Brewery Pub",4,"No"
"Chase Zamora","(983) 881-3640","3754 677383 74496","07/02/23","$153.12","Charlestown Brewery Pub",4,"Yes"
"Hector Porter","(832) 347-8946","532217 9493739224","12/25/22","$226.84","Olga's",1,"No"
"Fiona Patton","(367) 568-3352","348799474638864","09/05/22","$140.38","Ninita",3,"No"
"Rhiannon Delgado","(543) 366-4082","347323284285641","12/16/22","$119.74","Charlestown Brewery Pub",4,"No"
"Uta Briggs","(115) 165-4979","3476 885378 84667","12/21/22","$226.22","Charlestown Brewery Pub",3,"Yes"
"Nicole Pratt","(378) 776-8328","4024 0071 8436 5879","07/21/23","$14.38","Ninita",4,"No"
"Ivana Navarro","(742) 171-1451","5543 5548 9771 3285","08/17/23","$26.10","Charlestown Brewery Pub",1,"No"
"Inga Bailey","(844) 294-5868","5325 3184 7226 7958","09/07/22","$80.02","Charlestown Brewery Pub",2,"Yes"
"Seth Townsend","(781) 925-5951","3772 535263 46872","06/03/23","$129.50","Olga's",1,"Yes"
"Ezra Salas","(647) 269-1378","491 69651 64854 447","12/23/22","$222.30","Ninita",4,"Yes"
"Kyla Henson","(683) 587-2981","527 93185 54392 720","03/27/23","$171.29","Charlestown Brewery Pub",2,"No"
"Ciara Sims","(225) 759-3301","4744 758 47 3246","05/26/23","$177.69","Charlestown Brewery Pub",3,"No"
"Chester Harrell","(456) 513-0046","5244 7645 3538 2763","09/06/23","$23.12","Ninita",3,"No"
"Skyler Rush","(453) 419-2855","517254 427678 8931","08/05/23","$46.14","Olga's",2,"Yes"
"Vladimir Carey","(418) 297-8724","4916595626444162","03/30/23","$201.75","Olga's",2,"Yes"
"Winifred Tillman","(353) 291-6608","4716 324 81 4574","12/25/22","$211.15","Ninita",4,"No"
"Brian Mathis","(364) 583-3154","532623 5374873627","10/03/22","$161.84","Ninita",3,"Yes"
"Dominic Bryant","(929) 313-2163","3462 449269 66227","10/14/23","$183.15","Charlestown Brewery Pub",1,"Yes"
"Germaine Winters","(527) 919-5743","4714 9759 7524 4773","02/21/23","$48.33","Charlestown Brewery Pub",2,"No"
"Lucius Workman","(424) 875-8151","546761 3456721493","10/31/22","$48.19","Charlestown Brewery Pub",2,"Yes"
"Adrian Harvey","(816) 785-8888","346836721621525","01/01/23","$227.48","Ninita",2,"Yes"
"Gabriel Aguirre","(611) 763-7528","453 24497 62336 614","10/11/22","$80.14","Charlestown Brewery Pub",4,"Yes"
"Charissa Herring","(874) 149-1765","4716262246847","10/07/22","$181.42","Charlestown Brewery Pub",2,"Yes"
"Vivien Kent","(408) 767-5241","527882 3967424391","02/24/23","$206.49","Ninita",4,"No"
"Nevada Pickett","(388) 516-7808","3752 851255 24188","01/03/23","$56.05","Ninita",1,"No"
"Phillip Stokes","(288) 997-7887","5433 1553 4215 8655","02/23/23","$207.74","Ninita",2,"No"
"Evelyn Duncan","(747) 584-3600","453978 837633 5527","06/24/23","$12.50","Charlestown Brewery Pub",3,"No"
"Georgia Keller","(830) 746-9513","539283 5724746289","06/26/23","$137.63","Olga's",3,"No"
"Cecilia Mullins","(429) 362-6811","3796 894618 52788","03/31/23","$60.21","Olga's",4,"No"
"Tatiana Oneal","(924) 423-3557","3446 533671 84813","01/27/23","$145.51","Ninita",2,"Yes"
"Violet Frazier","(343) 280-7772","4539 688 83 3281","04/23/23","$100.08","Ninita",3,"Yes"
"Tashya Lane","(415) 432-2298","5286 5741 5549 3140","06/02/23","$165.14","Ninita",2,"Yes"
"Armando Cooper","(814) 151-3186","434 46141 45848 910","08/08/23","$135.17","Charlestown Brewery Pub",3,"No"
"Jamal Callahan","(696) 603-3554","4024 007 14 4777","07/16/23","$138.24","Charlestown Brewery Pub",3,"No"
"Jacob Bailey","(727) 281-1824","3745 359281 65931","02/07/23","$121.33","Ninita",2,"Yes"
"Irene Carpenter","(254) 352-4245","3766 263977 55233","03/18/23","$156.79","Olga's",4,"No"
"Anjolie Blackwell","(378) 836-6649","537842 285238 8487","11/14/22","$152.30","Charlestown Brewery Pub",3,"Yes"
"Edward Norton","(410) 343-6465","5327 7624 5569 5164","08/22/23","$17.57","Charlestown Brewery Pub",4,"No"
"Sonia Maddox","(616) 884-3631","4024007154194937","04/17/23","$84.60","Olga's",1,"Yes"
"Dylan Shaw","(703) 521-5739","3452 266727 78980","01/31/23","$85.33","Charlestown Brewery Pub",2,"Yes"
"Shelby Riggs","(695) 873-5884","4929 3775 1889 5644","03/03/23","$116.89","Charlestown Brewery Pub",2,"No"
"Kasimir Leblanc","(164) 578-0555","3766 578672 47849","07/24/23","$116.32","Ninita",2,"No"
"Buckminster Hanson","(310) 615-4752","3425 697578 44679","12/28/22","$152.10","Olga's",3,"No"
"Ann Fox","(191) 457-3165","4532 2134 8523 7743","07/01/23","$21.62","Charlestown Brewery Pub",4,"Yes"
"Alvin Hendrix","(570) 515-4073","402400 716682 9868","05/29/23","$162.87","Charlestown Brewery Pub",3,"Yes"
"Suki Cooley","(905) 426-3743","3723 366134 68686","09/18/22","$33.03","Ninita",4,"No"
"Yeo Rosa","(956) 673-6485","3728 563236 25887","06/13/23","$21.54","Ninita",3,"Yes"
"Whoopi Holmes","(222) 236-5524","3462 283323 52171","05/25/23","$53.43","Ninita",1,"No"
"Lesley Moon","(293) 925-5286","5115797837287542","04/12/23","$197.75","Ninita",1,"No"
"Maryam Puckett","(370) 827-3976","5263976158695885","02/27/23","$137.18","Olga's",3,"Yes"
"Lance Welch","(688) 263-6575","4485 946 73 9136","11/05/22","$110.79","Charlestown Brewery Pub",4,"No"
"Carson Mcgowan","(782) 366-3113","545343 6276846589","06/27/23","$202.02","Olga's",3,"No"
"Elaine Mercer","(332) 583-4643","542959 363547 4247","05/29/23","$133.78","Charlestown Brewery Pub",2,"No"
"Brennan Barr","(685) 447-0183","513 64271 45743 144","06/22/23","$112.67","Charlestown Brewery Pub",2,"Yes"
"Lev Perry","(944) 173-1457","448 53878 69965 819","04/23/23","$33.75","Charlestown Brewery Pub",1,"No"
"Amal Wiley","(111) 841-2078","3472 486414 75785","10/26/22","$97.40","Ninita",4,"Yes"
"Portia Leon","(456) 767-6584","3482 738282 47863","07/25/23","$136.81","Charlestown Brewery Pub",2,"No"
"Phoebe Hubbard","(439) 181-1942","557341 537543 6349","10/24/22","$71.21","Ninita",3,"Yes"
"Ruth Dillon","(294) 740-0611","5483493751859151","09/19/22","$29.00","Olga's",2,"No"
"Madaline Flynn","(533) 654-7365","455646 8442317324","05/11/23","$204.24","Olga's",3,"Yes"
"Mercedes Ramsey","(591) 918-7641","4929756364139","01/23/23","$35.77","Olga's",4,"No"
"Christian Walls","(528) 687-1843","378286523721282","08/07/23","$92.96","Charlestown Brewery Pub",2,"No"
"Maryam Dale","(464) 423-0826","347945646833294","02/20/23","$74.22","Charlestown Brewery Pub",4,"Yes"
"Ralph Nielsen","(354) 830-2328","3412 358355 57375","02/24/23","$53.16","Olga's",2,"No"
"Carly Walls","(398) 231-5566","539649 3387267924","08/08/23","$64.00","Olga's",3,"Yes"
"Jonas Knox","(224) 465-5668","3755 721341 85972","04/06/23","$146.45","Ninita",3,"No"
"Cynthia Colon","(487) 377-0902","5161 2763 2828 8734","03/15/23","$175.02","Ninita",2,"Yes"
"Kasper Maxwell","(367) 688-3102","5186698125745759","09/26/22","$81.70","Olga's",1,"Yes"
"Emi Newman","(753) 676-0832","344816967376770","03/21/23","$39.19","Olga's",2,"No"
"Lance Poole","(887) 923-2726","423344 7816563847","05/08/23","$150.07","Olga's",1,"No"
"Walker Padilla","(415) 361-6868","3721 833356 61648","05/31/23","$40.41","Olga's",2,"Yes"
"Ian Leon","(604) 461-5184","4539 5478 9653 5515","02/17/23","$168.39","Charlestown Brewery Pub",3,"No"
"Scott Hayes","(374) 393-6725","3413 633677 57237","10/24/23","$24.30","Olga's",3,"Yes"
"Clark Levy","(956) 651-9929","3736 336268 11426","12/31/22","$142.02","Ninita",2,"No"
"Christen Strong","(861) 832-4838","492 92888 67973 116","04/01/23","$181.81","Ninita",3,"Yes"
"Zelenia Mcguire","(136) 277-8818","548 52432 33326 214","04/19/23","$45.69","Ninita",3,"No"
"Ulla Carlson","(846) 238-3154","545996 4768132618","08/25/23","$105.63","Olga's",2,"No"
"Eve Long","(677) 177-8135","531 77275 33418 329","03/04/23","$200.19","Olga's",2,"Yes"
"Jemima Nieves","(187) 891-8133","5542 5973 4876 4499","10/07/22","$56.59","Charlestown Brewery Pub",4,"Yes"
"Rogan Larson","(519) 218-6349","4716 868 66 3510","09/03/23","$107.34","Charlestown Brewery Pub",1,"No"
"Katell Ball","(190) 779-7948","486231 757248 7960","08/11/23","$40.79","Ninita",3,"No"
"Jordan Hardy","(158) 726-2368","546 42164 42653 573","05/02/23","$216.36","Charlestown Brewery Pub",2,"Yes"
"Amena Bender","(896) 856-2441","372755356358855","06/25/23","$161.33","Ninita",3,"Yes"
"Flynn Williamson","(971) 238-2241","519662 5766824468","05/23/23","$150.47","Ninita",3,"No"
"Dustin Holder","(167) 647-1565","4338547227680","12/12/22","$106.95","Ninita",2,"Yes"
"Ezekiel Sims","(683) 916-8045","402400 718562 7384","12/19/22","$45.34","Charlestown Brewery Pub",2,"Yes"
"Eaton Wilcox","(788) 945-5258","5236 1484 9345 5722","12/31/22","$212.12","Charlestown Brewery Pub",1,"Yes"
"Briar Gilliam","(945) 278-7523","552344 368452 7799","05/29/23","$27.97","Charlestown Brewery Pub",3,"Yes"
"Gemma Rodriquez","(778) 561-3581","402400 718533 8594","12/05/22","$31.41","Olga's",2,"Yes"
"Naida Barton","(185) 277-1833","531584 669674 4875","07/02/23","$117.08","Ninita",3,"No"
"Deborah Vega","(342) 436-7376","5462174487584678","08/26/23","$106.56","Ninita",4,"Yes"
"Stacey Forbes","(658) 253-8413","5292459234341373","05/28/23","$225.27","Ninita",3,"No"
"Chloe Andrews","(264) 453-7125","552839 148244 5760","09/10/22","$24.81","Olga's",4,"No"
"Shaine Cole","(557) 533-5931","3464 544869 77874","10/19/23","$189.62","Charlestown Brewery Pub",4,"Yes"
"Angelica Chase","(418) 172-6707","3447 249554 92486","06/20/23","$160.12","Ninita",3,"Yes"
"Kelly Clarke","(463) 144-5351","4396439884814536","02/04/23","$227.81","Olga's",3,"No"
"Abra Holman","(263) 397-1366","524 63132 24582 990","09/15/23","$28.32","Olga's",2,"Yes"
"Jason Mcintosh","(282) 864-3030","3443 918633 67323","09/24/23","$218.18","Ninita",2,"Yes"
"Dolan Bridges","(265) 887-8418","492 98856 36614 259","05/12/23","$193.39","Charlestown Brewery Pub",2,"No"
"George Simmons","(985) 753-3157","4929635818534852","06/30/23","$189.84","Ninita",3,"No"
"Amy Brady","(869) 532-2361","492925 4536891279","12/27/22","$70.83","Ninita",3,"Yes"
"Channing Jacobson","(677) 787-4901","346868874365717","08/22/23","$112.81","Ninita",3,"Yes"
"Sophia Sargent","(905) 465-3141","378787521639863","03/28/23","$46.84","Charlestown Brewery Pub",1,"No"
"Ori Barber","(640) 961-2313","5348862645844642","11/07/22","$197.89","Charlestown Brewery Pub",4,"Yes"
"Dacey Snow","(487) 148-9525","4459885224384","04/26/23","$57.66","Ninita",4,"Yes"
"Daria Trevino","(226) 525-6713","4929 5887 2192 2922","03/19/23","$25.71","Ninita",1,"Yes"
"Desirae Norton","(640) 231-8418","538856 2854585958","08/31/23","$77.75","Olga's",4,"Yes"
"Andrew Booker","(258) 136-2535","522 87661 38971 439","08/22/23","$165.28","Olga's",1,"No"
"Hakeem Buckley","(997) 572-1185","3741 817448 15340","02/04/23","$160.13","Ninita",1,"No"
"Neil Reid","(646) 462-3238","522 87765 37223 456","10/07/23","$81.25","Olga's",3,"No"
"Elliott Cash","(388) 258-0374","547535 942676 9945","06/20/23","$99.89","Olga's",3,"Yes"
"Chaney Velez","(833) 868-7330","4024 0071 8162 2397","10/28/23","$80.88","Charlestown Brewery Pub",3,"Yes"
"Jerome Franklin","(384) 811-3540","4556873394671","05/05/23","$134.29","Olga's",3,"Yes"
"Justina Hobbs","(821) 965-4465","3426 429695 83789","04/05/23","$224.38","Ninita",2,"Yes"
"Deirdre Hopper","(375) 204-2136","374765696299584","05/27/23","$150.85","Olga's",2,"Yes"
"Connor Martinez","(647) 354-2984","4532949371449","05/11/23","$96.15","Ninita",4,"No"
"Carolyn Erickson","(355) 631-6606","538 85857 25172 748","12/26/22","$123.52","Ninita",3,"Yes"
"Jeanette Cooke","(812) 743-3652","4929 647 28 9685","06/17/23","$13.51","Charlestown Brewery Pub",3,"No"
"Elijah Vaughan","(380) 357-5261","3773 478277 35245","09/09/23","$180.35","Ninita",4,"Yes"
"Colin Montgomery","(277) 867-3054","3481 213565 82864","04/24/23","$59.24","Charlestown Brewery Pub",1,"No"
"Samson Fuller","(220) 800-1475","519839 817128 7238","09/30/23","$135.56","Ninita",3,"Yes"
"Catherine Bird","(607) 761-6317","4532 944 11 2780","01/19/23","$177.71","Olga's",4,"Yes"
"Grant Steele","(612) 892-6817","343742651817781","09/05/23","$149.87","Ninita",3,"No"
"Beck Finch","(575) 444-6675","345734877448283","12/15/22","$137.44","Olga's",2,"No"
"Murphy Newman","(386) 553-7314","3759 567513 78137","06/02/23","$166.87","Charlestown Brewery Pub",3,"No"
"Chelsea Hansen","(375) 323-9477","4485 3854 6157 6943","04/09/23","$124.40","Ninita",2,"No"
"Idola Pennington","(768) 933-7506","3735 279754 28677","05/22/23","$121.26","Olga's",3,"No"
"Damon Leblanc","(678) 886-6478","4556 648 34 6410","01/21/23","$161.55","Olga's",3,"No"
"Eliana Mcdowell","(724) 651-1574","557485 5472254146","10/09/22","$31.85","Charlestown Brewery Pub",3,"Yes"
"Ivor Barron","(591) 587-5567","5358 4523 1594 4828","10/24/23","$224.87","Charlestown Brewery Pub",1,"No"
"Xyla Becker","(562) 674-4869","428 38457 62758 148","03/21/23","$200.00","Ninita",4,"No"
"Iris Valdez","(841) 316-1487","402400 7185847271","08/12/23","$77.89","Charlestown Brewery Pub",2,"No"
"Lars Oliver","(817) 422-2019","4532 7145 9254 5837","05/22/23","$226.47","Olga's",3,"Yes"
"Jeanette Bray","(233) 864-8472","378281447866263","09/26/23","$156.50","Ninita",1,"No"
"Yasir Steele","(557) 343-7526","4485 268 52 3746","01/15/23","$160.41","Ninita",3,"No"
"Whilemina Dillon","(326) 851-7250","5266 6163 8196 7340","09/04/23","$200.79","Olga's",3,"Yes"
"Kennedy Marsh","(347) 860-0155","471686 868587 1753","09/07/22","$13.50","Olga's",4,"Yes"
"Caleb Solis","(524) 941-2568","5535 5831 7889 7665","12/26/22","$118.78","Olga's",2,"Yes"
"Aladdin Best","(128) 592-4018","3735 439525 24743","02/01/23","$84.85","Charlestown Brewery Pub",3,"No"
"Cruz Whitley","(332) 258-3202","453 96849 62253 374","08/07/23","$190.56","Olga's",3,"No"
"Katell Fry","(389) 578-8022","371181713725275","08/12/23","$48.33","Ninita",2,"Yes"
"Yasir Hines","(475) 964-0084","5163 4449 7268 2655","11/17/22","$225.81","Olga's",2,"Yes"
"Britanni Briggs","(825) 643-8991","4532 6553 9528 4977","04/24/23","$28.02","Ninita",3,"No"
"Daryl Richard","(717) 811-8883","448 52788 79693 261","10/02/23","$160.18","Charlestown Brewery Pub",2,"Yes"
"Zeus Weaver","(256) 984-0843","4024007147424","12/04/22","$32.17","Charlestown Brewery Pub",4,"Yes"
"Madeson Davis","(225) 722-7631","535 62873 22451 744","06/12/23","$62.54","Olga's",1,"Yes"
"Mercedes Briggs","(816) 385-1782","492973 258669 1277","07/27/23","$129.69","Ninita",3,"Yes"
"Jin Gentry","(764) 427-6623","526768 7555463845","07/13/23","$65.08","Olga's",3,"No"
"Cedric Emerson","(899) 531-1055","548932 373218 7774","12/14/22","$208.63","Charlestown Brewery Pub",4,"Yes"
"Noel Griffin","(425) 375-5468","532216 698376 2162","04/14/23","$151.12","Ninita",1,"Yes"
"Candice Bradley","(822) 675-6588","3763 675736 83226","03/11/23","$16.05","Olga's",2,"No"
"Phoebe Stanley","(317) 371-4553","3749 221276 62415","10/18/22","$41.48","Ninita",3,"No"
"Illana Figueroa","(631) 626-6219","344578335472125","11/02/22","$148.77","Ninita",3,"Yes"
"Zenia Guerra","(754) 671-7746","346694779277249","01/10/23","$181.33","Charlestown Brewery Pub",4,"No"
"Fulton Skinner","(744) 670-7689","346474793586622","02/15/23","$205.17","Charlestown Brewery Pub",1,"Yes"
"Tyrone Reed","(141) 651-1538","375173473532963","09/13/23","$180.41","Ninita",4,"Yes"
"Octavius Brooks","(226) 303-3974","455687 7145786413","10/04/22","$130.90","Ninita",2,"Yes"
"Acton Herrera","(404) 561-1425","377213135744743","03/14/23","$188.35","Charlestown Brewery Pub",3,"No"
"Uta Barron","(536) 555-5411","348634584241871","02/28/23","$114.74","Charlestown Brewery Pub",3,"No"
"Ann Macdonald","(461) 587-0285","453228 256297 3637","12/17/22","$100.69","Ninita",4,"Yes"
"Lane Navarro","(460) 128-2467","378154755692730","08/07/23","$32.00","Ninita",2,"No"
"Cassady Mcdonald","(251) 657-0333","521769 466537 4368","03/15/23","$187.54","Charlestown Brewery Pub",2,"No"
"Brynn Hays","(897) 630-4841","5427 8564 1664 5992","02/16/23","$25.05","Ninita",2,"Yes"
"Chandler Luna","(563) 441-7976","4556 3462 7544 2767","11/27/22","$137.06","Ninita",4,"Yes"
"TaShya Emerson","(666) 578-2320","4554681797490","09/19/23","$45.65","Ninita",3,"Yes"
"Christen Hensley","(701) 993-6083","343155334652337","04/21/23","$26.56","Ninita",2,"Yes"
"Elliott Young","(138) 494-7593","4485463375421","09/08/23","$29.32","Olga's",3,"Yes"
"Sonia Ayers","(615) 243-8851","4716993758680","05/29/23","$19.72","Olga's",2,"No"
"Kerry Livingston","(123) 428-7616","4539 1674 4553 3323","01/16/23","$141.58","Ninita",2,"Yes"
"Roanna Cotton","(382) 748-4434","374132587883572","10/16/23","$194.85","Ninita",2,"No"
"Linus Lester","(407) 487-7067","3463 623673 62670","06/14/23","$130.58","Ninita",2,"No"
"Lucas Leach","(735) 926-8419","431896 7618237959","02/04/23","$47.90","Charlestown Brewery Pub",3,"No"
"Carly Summers","(965) 383-2399","4556562248558824","07/30/23","$47.23","Charlestown Brewery Pub",2,"No"
"Quentin Harris","(912) 836-3540","3477 969625 84577","09/17/22","$205.06","Olga's",2,"No"
"Idona Mcclain","(956) 814-4264","5436 2887 7275 2429","10/02/23","$177.60","Olga's",1,"Yes"
"Vernon Moran","(721) 268-8215","4556 953 96 3940","02/11/23","$101.42","Olga's",3,"No"
"Nathaniel Head","(811) 128-8223","4024 0071 3738 4365","12/29/22","$15.42","Charlestown Brewery Pub",1,"Yes"
"Kirsten Carr","(434) 874-5981","5428585466365461","10/19/22","$61.56","Olga's",1,"Yes"
"Chase Wilcox","(206) 116-7476","559 58794 76459 787","01/11/23","$20.59","Charlestown Brewery Pub",2,"Yes"
"Bryar Wolfe","(854) 573-8120","3734 787678 76782","10/19/23","$219.83","Olga's",4,"No"
"Gloria Dawson","(746) 595-3354","525682 7945277777","02/27/23","$17.50","Ninita",3,"No"
"Abigail Riley","(788) 786-7304","448582 6432722330","05/09/23","$96.66","Ninita",3,"Yes"
"Herman Fox","(757) 187-3662","556154 5559685867","10/13/23","$91.20","Olga's",2,"Yes"
"Stacy Copeland","(732) 420-2062","5457575274834786","10/16/23","$174.35","Olga's",2,"No"
"Callie Wyatt","(974) 856-6984","455643 3263278641","08/27/23","$74.86","Charlestown Brewery Pub",4,"No"
"Jada Conway","(384) 401-6651","526395 751746 6838","09/03/23","$139.19","Charlestown Brewery Pub",3,"Yes"
"Holmes Adams","(380) 856-4476","546641 483161 1538","12/03/22","$95.89","Ninita",3,"Yes"
"Lyle Wilkerson","(375) 368-8555","3764 847236 45318","05/12/23","$141.90","Olga's",4,"Yes"
"Carter Leon","(472) 170-4057","548 68838 39577 873","01/27/23","$221.78","Charlestown Brewery Pub",1,"No"
"Colt Mcintosh","(797) 653-2854","4256 774 37 5271","09/12/23","$114.11","Olga's",2,"No"
"Thane Leonard","(349) 662-5760","544448 319886 1215","03/10/23","$22.74","Ninita",2,"No"
"Hayden Combs","(163) 826-2189","3783 978445 32157","06/19/23","$59.63","Charlestown Brewery Pub",2,"Yes"
"Wyoming Soto","(143) 337-6235","3795 726647 31829","02/08/23","$142.39","Olga's",1,"No"
"Thor Duncan","(480) 614-1572","3484 277323 57222","09/09/22","$147.85","Olga's",1,"Yes"
"Lionel Gentry","(514) 502-4617","3486 351663 48398","02/23/23","$70.67","Charlestown Brewery Pub",4,"Yes"
"Benedict Petty","(545) 463-2757","4532213452511","04/21/23","$111.79","Olga's",1,"Yes"
"Abel Stokes","(442) 361-4721","535536 4885913245","10/08/23","$226.54","Charlestown Brewery Pub",4,"Yes"
"Herrod Moran","(489) 853-4373","4024 007 15 2572","11/15/22","$183.96","Ninita",1,"No"
"Talon Walters","(729) 733-6186","4539 1594 8992 5275","04/18/23","$83.78","Charlestown Brewery Pub",3,"Yes"
"Zenia Stanton","(954) 345-6456","5493489252232169","11/13/22","$13.01","Ninita",3,"No"
"Shelby Hooper","(635) 858-2495","4532458273921483","03/01/23","$154.33","Olga's",3,"No"
"Clio Phelps","(832) 458-7514","3791 978854 45643","12/19/22","$86.11","Ninita",4,"No"
"Zane Brady","(307) 460-8189","344676542753798","06/11/23","$205.01","Ninita",3,"No"
"Ocean Mendez","(784) 662-6991","448 54265 33135 720","02/17/23","$200.95","Ninita",2,"Yes"
"Joy Carney","(543) 613-4828","342621832178993","01/14/23","$194.25","Ninita",3,"Yes"
"Keaton Zimmerman","(297) 433-9343","378726359877328","07/25/23","$116.10","Olga's",1,"No"
"Cathleen Shaffer","(957) 772-5577","3787 711387 91879","09/05/23","$225.16","Ninita",3,"Yes"
"Yoshio Hogan","(517) 268-2904","3722 671938 72999","01/21/23","$170.97","Olga's",1,"Yes"
"Lee Rocha","(507) 730-3390","3422 869695 52434","12/26/22","$77.72","Charlestown Brewery Pub",1,"Yes"
"Bernard Sherman","(146) 982-4131","538531 198727 6694","12/28/22","$60.06","Olga's",2,"No"
"Brianna Brooks","(137) 128-2656","4532 4572 9855 7587","01/19/23","$121.16","Ninita",2,"Yes"
"Astra Freeman","(215) 468-3548","4532221488651240","12/24/22","$41.59","Charlestown Brewery Pub",2,"Yes"
"Joshua Carney","(254) 452-6037","3733 628348 24795","04/05/23","$103.72","Charlestown Brewery Pub",4,"Yes"
"Erich Cannon","(164) 531-7622","5135994832145124","02/21/23","$211.57","Olga's",3,"Yes"
"Acton Ayala","(578) 478-7145","5354891416644817","03/08/23","$201.77","Ninita",2,"No"
"Patience Carroll","(179) 577-6387","341973535763915","12/04/22","$20.04","Olga's",2,"Yes"
"Britanney Tate","(243) 522-0468","5122 1146 5715 4482","06/02/23","$116.68","Olga's",2,"Yes"
"Kiona Mann","(317) 173-0386","5461 9736 3174 3770","09/22/23","$165.47","Charlestown Brewery Pub",3,"Yes"
"Clark Bowers","(661) 982-3661","346372765323968","08/22/23","$123.84","Charlestown Brewery Pub",1,"Yes"
"Lisandra Justice","(584) 460-2019","448 56356 22526 645","04/28/23","$165.33","Charlestown Brewery Pub",2,"No"
"Myra Hudson","(363) 510-3280","4556 975 28 6429","09/12/22","$48.18","Olga's",1,"No"
"Jonas Mathis","(627) 660-3744","3412 222345 17671","09/23/22","$217.30","Charlestown Brewery Pub",4,"Yes"
"Keaton Pearson","(427) 779-3377","5539535711239868","09/03/22","$222.67","Charlestown Brewery Pub",2,"No"
"Ava Boyle","(697) 121-8164","5468 9484 5187 9964","09/13/22","$119.66","Olga's",2,"No"
"Chandler Stevenson","(331) 743-5632","4716733751748","09/01/23","$96.79","Charlestown Brewery Pub",3,"No"
"Jada Holder","(234) 740-1235","3479 816472 74980","09/29/22","$154.04","Olga's",2,"No"
"Reuben Humphrey","(223) 616-3822","3438 674464 62625","12/25/22","$135.66","Olga's",4,"Yes"
"Lael Tillman","(653) 613-2277","3485 917342 57779","11/28/22","$162.75","Charlestown Brewery Pub",2,"No"
"Bree Vaughn","(656) 501-2469","3476 316385 68474","05/15/23","$215.20","Olga's",1,"Yes"
"Hedley Dickson","(433) 866-5543","375444754337731","05/30/23","$182.88","Olga's",1,"No"
"Talon Phillips","(387) 475-1338","372424674516476","08/16/23","$42.15","Charlestown Brewery Pub",2,"No"
"McKenzie Brady","(712) 693-6408","451523 467886 6362","12/29/22","$180.05","Ninita",3,"No"
"Iliana Atkins","(763) 864-1976","527773 845679 6243","02/21/23","$162.01","Ninita",3,"No"
"Kylee Sanders","(624) 750-8544","346468755425589","10/26/23","$94.54","Charlestown Brewery Pub",3,"Yes"
"Oprah Gonzalez","(817) 734-2040","448 54953 11354 837","04/06/23","$188.37","Ninita",2,"Yes"
"Xander Pratt","(282) 642-0279","5586487784287469","11/29/22","$202.53","Olga's",3,"No"
"Pamela Gonzalez","(132) 734-2379","3428 998126 44818","12/17/22","$53.41","Charlestown Brewery Pub",3,"Yes"
"Kieran Sparks","(273) 964-7171","5245 6294 2213 8884","06/11/23","$167.05","Olga's",1,"No"
"Drake Lowe","(582) 528-8031","5524546152275433","04/14/23","$15.61","Olga's",2,"Yes"
"Margaret Jacobson","(698) 386-5964","345841834296976","11/06/22","$43.87","Ninita",2,"No"
"Hammett Michael","(160) 221-0762","5533436355239189","09/05/23","$109.20","Charlestown Brewery Pub",1,"No"
"Brent Potter","(765) 352-1679","4024007143538384","12/24/22","$91.10","Ninita",4,"No"
"Blake Gallegos","(747) 304-4297","453933 3552498342","08/13/23","$191.10","Charlestown Brewery Pub",4,"No"
"Kermit Herring","(132) 514-9634","372347633484546","06/22/23","$183.34","Charlestown Brewery Pub",2,"Yes"
"Melinda Mckay","(836) 808-2394","378477874674671","09/03/22","$62.74","Charlestown Brewery Pub",3,"No"
"Tamara Bright","(331) 484-8475","4716244775337545","10/29/22","$109.25","Olga's",3,"No"
"Hakeem Jennings","(228) 571-5234","5571 3376 3376 7558","10/29/22","$191.88","Ninita",4,"No"
"Brooke Munoz","(337) 887-2429","3717 874346 87766","05/07/23","$97.21","Charlestown Brewery Pub",3,"No"
"Bree Albert","(294) 753-8373","545494 125888 3335","03/08/23","$115.73","Charlestown Brewery Pub",1,"No"
"Erica Pate","(255) 519-8247","3465 286393 44627","10/13/23","$128.76","Charlestown Brewery Pub",4,"No"
"Kyra Black","(480) 543-2541","4024007138333726","09/08/23","$45.55","Ninita",4,"Yes"
"Justine Beasley","(642) 665-1466","4556623444293846","06/19/23","$229.61","Olga's",3,"No"
"Arthur Dillard","(837) 382-8326","4916 536 42 4671","05/14/23","$134.60","Charlestown Brewery Pub",1,"No"
"Garrison Dodson","(606) 327-4484","513 97817 88316 221","03/03/23","$34.72","Ninita",2,"Yes"
"Ethan Moody","(656) 371-7184","3441 268853 95773","03/16/23","$206.46","Olga's",2,"Yes"
"Patience Coffey","(371) 415-2146","4526548456424194","05/31/23","$58.97","Olga's",4,"No"
"Hoyt Walker","(588) 614-8672","378332888433251","05/16/23","$90.28","Charlestown Brewery Pub",3,"Yes"
"Charde Higgins","(360) 127-4116","446 72895 75496 786","05/29/23","$32.31","Ninita",1,"Yes"
"Justina Curtis","(158) 447-7534","4929373886756245","12/01/22","$60.09","Olga's",2,"Yes"
"Oleg Graham","(852) 334-7323","448561 357653 2281","01/01/23","$43.60","Ninita",3,"No"
"Armand Beach","(267) 799-7195","552597 572945 9619","07/04/23","$57.65","Olga's",4,"Yes"
"Jocelyn Stark","(211) 272-2638","3749 229438 76421","05/10/23","$193.31","Olga's",2,"No"
"Lee Martin","(577) 576-9538","4485 665 48 2439","03/30/23","$111.06","Ninita",3,"Yes"
"Meghan Mays","(463) 215-6052","3748 255375 34290","12/08/22","$151.08","Olga's",3,"No"
"Julian Whitfield","(175) 167-1363","5562557269166475","05/05/23","$166.99","Olga's",2,"No"
"Dante Holt","(868) 347-6303","5232425862279543","01/03/23","$192.46","Charlestown Brewery Pub",3,"Yes"
"Yoshio Blair","(388) 471-1064","522575 863652 8160","10/31/22","$80.50","Olga's",3,"Yes"
"Elijah Conner","(444) 968-4378","5569459864322269","12/28/22","$226.22","Charlestown Brewery Pub",2,"Yes"
"Nolan Fitzpatrick","(315) 412-1110","346982676587871","01/08/23","$18.94","Olga's",1,"No"
"Angelica Salazar","(488) 877-1786","518356 432657 6372","09/03/22","$16.89","Olga's",3,"No"
"Tanisha Bush","(615) 584-2466","5118 7527 6846 7578","06/05/23","$102.63","Charlestown Brewery Pub",3,"Yes"
"Adara Simpson","(870) 951-8677","5284782565876166","12/19/22","$178.00","Charlestown Brewery Pub",3,"No"
"Jena Cline","(855) 451-3183","4485 661 46 7137","07/18/23","$105.55","Charlestown Brewery Pub",3,"Yes"
"Quinlan Reynolds","(840) 798-6465","5247 4365 5737 7743","10/07/23","$39.70","Olga's",3,"Yes"
"Latifah Trujillo","(822) 793-3553","544 12527 62749 327","08/29/23","$103.65","Olga's",3,"Yes"
"Cody Perez","(814) 788-4776","455652 686339 8949","03/01/23","$26.43","Olga's",2,"No"
"Olivia Mills","(633) 930-7233","4024007135171","05/24/23","$224.62","Charlestown Brewery Pub",2,"No"
"Adrian Bentley","(652) 344-3422","4875487763620","02/21/23","$138.99","Ninita",3,"Yes"
"Lars Wallace","(473) 623-8116","3481 338418 36367","10/31/23","$50.90","Charlestown Brewery Pub",2,"Yes"
"Hayes Mosley","(411) 244-3557","453243 8598688728","12/02/22","$70.27","Ninita",1,"Yes"
"Jena Bennett","(733) 470-4511","378592733899721","02/10/23","$171.45","Charlestown Brewery Pub",3,"Yes"
"Montana Finch","(418) 736-4317","3484 879518 97779","06/29/23","$162.94","Charlestown Brewery Pub",3,"Yes"
"Dillon Keller","(771) 591-6838","345467622783742","05/27/23","$138.95","Ninita",3,"Yes"
"August Herring","(353) 513-9112","345427662121765","01/02/23","$47.06","Charlestown Brewery Pub",2,"Yes"
"Odette Baird","(348) 821-9312","3472 223469 61688","01/03/23","$201.48","Olga's",4,"No"
"Joan Church","(522) 854-7622","513 79644 25771 782","01/28/23","$106.75","Ninita",2,"No"
"Eagan Silva","(103) 666-3887","546 17847 33568 720","10/03/22","$22.10","Olga's",4,"No"
"Steven Whitehead","(225) 587-3646","3466 854594 55451","09/16/22","$21.73","Olga's",3,"Yes"
"Bruno Merrill","(988) 413-2738","3754 535788 68680","09/19/23","$143.57","Olga's",2,"No"
"Octavia Alvarado","(767) 797-2299","3455 349554 88932","09/16/23","$226.68","Charlestown Brewery Pub",3,"Yes"
"Kylan Joyner","(418) 583-1556","455643 553352 1320","03/23/23","$201.10","Olga's",2,"Yes"
"Alika Little","(761) 343-6554","491684 4875489829","10/13/23","$223.80","Ninita",4,"No"
"Remedios Richardson","(351) 553-2165","345723459212746","02/17/23","$133.21","Charlestown Brewery Pub",3,"Yes"
"Mohammad Sargent","(569) 752-0175","5363558151748355","06/09/23","$107.03","Charlestown Brewery Pub",2,"Yes"
"Deacon Taylor","(417) 927-3359","491 68387 23597 668","10/29/22","$178.47","Charlestown Brewery Pub",1,"No"
"Connor Deleon","(556) 319-4045","348543247383683","02/04/23","$226.00","Charlestown Brewery Pub",3,"No"
"Signe Goff","(325) 888-5742","521882 587856 3830","11/14/22","$81.83","Olga's",3,"Yes"
"Barclay Brewer","(385) 537-0483","342349535854260","03/31/23","$72.63","Olga's",3,"Yes"
"Aurelia Mcguire","(246) 513-1410","537 42576 83218 527","10/27/23","$140.93","Olga's",4,"No"
"Oprah Macias","(779) 522-5964","349226453618369","08/12/23","$175.84","Charlestown Brewery Pub",3,"No"
"Dalton Spence","(582) 724-2511","347436488546368","03/01/23","$74.05","Ninita",2,"No"
"Ashely Howe","(440) 258-8869","4929972183735","10/01/22","$102.00","Charlestown Brewery Pub",1,"Yes"
"Mikayla Howell","(472) 276-8374","348858475391244","01/13/23","$155.65","Ninita",2,"Yes"
"Roary Warner","(463) 671-7773","528 73347 48437 578","08/30/23","$130.58","Olga's",3,"No"
"Uriah Crosby","(706) 715-1232","374396244387471","10/20/23","$12.44","Charlestown Brewery Pub",2,"No"
"Meredith Ferrell","(226) 712-6732","551398 214778 5272","04/13/23","$11.20","Olga's",1,"No"
"Caleb Curry","(492) 871-6171","344742615563132","03/24/23","$196.53","Charlestown Brewery Pub",2,"No"
"Meghan Ewing","(111) 367-7031","5297374516666147","05/18/23","$131.18","Charlestown Brewery Pub",3,"No"
"Amanda Price","(740) 857-8923","559385 772556 7743","08/10/23","$229.06","Ninita",1,"No"
"Liberty Vance","(816) 283-6883","4024007124624740","08/16/23","$109.10","Olga's",3,"No"
"Benedict Hood","(355) 657-2524","527578 464835 6449","10/03/22","$71.69","Olga's",3,"No"
"Palmer Wong","(847) 275-4583","4539 385 45 4746","07/18/23","$71.07","Olga's",4,"No"
"Eleanor Munoz","(442) 282-5223","4024007199831733","12/14/22","$191.89","Charlestown Brewery Pub",1,"Yes"
"Bree Snider","(181) 677-3858","3783 762454 65464","09/09/23","$124.55","Charlestown Brewery Pub",3,"No"
"Hayfa O'donnell","(538) 362-3787","516552 6277648833","05/28/23","$56.74","Ninita",1,"No"
"Stephanie Collier","(623) 472-3572","547748 465793 8882","06/04/23","$106.11","Charlestown Brewery Pub",3,"No"
"Eleanor Jensen","(849) 569-7326","551734 9753331948","02/09/23","$55.84","Charlestown Brewery Pub",3,"Yes"
"Quinlan Wiggins","(853) 680-4732","3712 638625 13882","09/18/23","$187.22","Ninita",2,"Yes"
"Dorothy Mcpherson","(192) 743-7746","4916 541 67 6455","08/31/23","$82.90","Olga's",2,"Yes"
"Yael Mcgowan","(551) 534-9210","5556452874132567","07/18/23","$34.21","Charlestown Brewery Pub",2,"Yes"
"Xena Roth","(361) 337-1664","536535 474338 7326","04/02/23","$124.69","Charlestown Brewery Pub",2,"Yes"
"Julie Miranda","(575) 773-4165","376655346578834","11/23/22","$183.74","Ninita",4,"Yes"
"Theodore Luna","(414) 262-4199","3423 316236 63522","10/31/23","$155.57","Charlestown Brewery Pub",3,"No"
"Catherine Sargent","(141) 953-1652","4485 777 63 6484","09/14/23","$174.21","Ninita",1,"Yes"
"Jada Castaneda","(553) 876-8683","492957 6635688374","06/30/23","$175.75","Olga's",4,"Yes"
"Wanda Thornton","(414) 664-7125","3477 278793 94818","10/17/23","$190.50","Ninita",1,"Yes"
"Elliott Klein","(224) 461-3708","5532831927321229","04/10/23","$132.11","Olga's",3,"Yes"
"Darryl Mclaughlin","(387) 836-4257","4485642458460","07/30/23","$15.18","Charlestown Brewery Pub",1,"Yes"
"Tobias Carr","(416) 864-8619","546257 4438382751","02/06/23","$187.38","Charlestown Brewery Pub",3,"Yes"
"Tamara Flowers","(463) 431-3532","349966779785760","11/14/22","$53.80","Ninita",2,"Yes"
"Sybill Payne","(693) 303-2433","4716 7156 1282 4225","03/08/23","$138.68","Ninita",3,"Yes"
"Katell Lancaster","(498) 244-6858","471698 322236 2982","02/06/23","$89.99","Ninita",2,"No"
"Macon Palmer","(832) 436-6842","3424 931562 62559","12/01/22","$181.17","Ninita",4,"Yes"
"Hyacinth Mcdowell","(517) 184-5539","3451 329854 32218","02/01/23","$99.42","Ninita",3,"Yes"
"Lyle Church","(614) 482-3358","5164678787963474","06/10/23","$35.96","Ninita",1,"Yes"
"Daria Figueroa","(368) 208-1273","5524 3787 3587 7240","04/06/23","$75.19","Olga's",3,"No"
"Heather Martinez","(861) 421-7196","378813839543264","06/07/23","$162.77","Ninita",1,"Yes"
"Lawrence Schultz","(135) 134-5763","346977323435516","09/06/22","$152.33","Charlestown Brewery Pub",2,"No"
"Jackson Wyatt","(772) 728-2625","3753 745642 74461","01/23/23","$128.45","Charlestown Brewery Pub",2,"Yes"
"Odessa Perez","(216) 564-7565","344738723222785","04/03/23","$175.50","Charlestown Brewery Pub",2,"Yes"
"Alfonso Tate","(812) 976-6671","558 58612 22662 239","10/26/22","$37.58","Charlestown Brewery Pub",2,"Yes"
"Noble Cochran","(381) 856-1743","5414 5745 6638 3422","11/14/22","$122.79","Olga's",2,"No"
"Germaine Valencia","(259) 876-3832","547492 8278424998","09/27/22","$27.81","Olga's",4,"Yes"
"Todd Luna","(316) 173-3782","3493 935783 27787","03/05/23","$64.22","Charlestown Brewery Pub",1,"No"
"Amber Roberts","(549) 586-8749","402400 718926 1784","09/06/22","$182.57","Ninita",3,"Yes"
"Isabelle Chang","(491) 393-7976","3744 586494 43653","05/19/23","$13.34","Olga's",3,"No"
"Maite Emerson","(824) 842-7175","4024007145436","11/19/22","$63.61","Olga's",2,"Yes"
"Isadora Mccray","(247) 616-1442","373341236623781","03/09/23","$215.92","Ninita",4,"Yes"
"Daquan Stanley","(478) 848-1158","3759 654175 58354","10/31/22","$195.35","Ninita",1,"Yes"
"Evan Adams","(255) 362-5878","471686 113723 7822","06/22/23","$53.77","Ninita",2,"No"
"Gwendolyn Dixon","(372) 897-3556","4716 8653 2346 1393","08/12/23","$176.36","Olga's",2,"No"
"Sawyer Sexton","(999) 834-6245","543275 366581 1776","06/16/23","$56.98","Ninita",1,"No"
"Hasad Dale","(643) 649-5741","344778728774588","11/30/22","$182.20","Charlestown Brewery Pub",4,"Yes"
"Hayes Pratt","(185) 245-7607","4024 0071 4229 2355","01/30/23","$63.37","Ninita",1,"Yes"
"Vladimir Roberts","(543) 564-8596","3449 776396 52319","02/20/23","$199.36","Olga's",2,"No"
"Carlos Mcfarland","(213) 845-4128","379853375573472","10/13/23","$218.97","Ninita",2,"Yes"
"Remedios Rogers","(260) 738-4669","4716 442 85 6481","10/15/22","$79.51","Ninita",4,"No"
"Leonard Hays","(552) 218-4924","402400 713253 1747","07/10/23","$25.63","Ninita",1,"No"
"Ashton Knox","(911) 286-6776","5577 9327 4216 9532","10/22/23","$171.90","Ninita",2,"Yes"
"Allegra Lopez","(947) 416-2341","5139 6277 4274 4257","09/14/23","$205.07","Charlestown Brewery Pub",3,"No"
"Rhonda Mccoy","(265) 463-6959","5535836845433748","03/11/23","$118.09","Ninita",2,"No"
"Serena Nichols","(833) 345-4368","5387417387763492","08/13/23","$134.15","Ninita",2,"Yes"
"Fallon Crosby","(845) 925-7114","4929 324 84 5577","08/13/23","$13.07","Ninita",3,"No"
"Xavier Whitley","(612) 265-3967","4539 792 82 6759","07/08/23","$57.97","Olga's",3,"Yes"
"Ira Skinner","(875) 663-4303","535 44953 66546 558","08/19/23","$169.48","Ninita",4,"Yes"
"Ignacia Kidd","(391) 614-3129","453254 624682 3230","04/07/23","$14.54","Olga's",3,"No"
"Ryder Levy","(895) 972-5595","379878223772851","02/01/23","$162.78","Ninita",2,"No"
"Daria Burch","(967) 541-0817","5423 8831 9436 7627","07/21/23","$200.75","Ninita",2,"No"
"Ivan Stein","(811) 822-5928","378753673646759","05/05/23","$143.94","Charlestown Brewery Pub",2,"Yes"
"Evangeline Finley","(396) 274-4166","535931 3916443488","06/19/23","$41.62","Charlestown Brewery Pub",4,"No"
"Ariana Salas","(567) 226-1893","3756 474942 56322","04/18/23","$150.18","Ninita",2,"Yes"
"David Maddox","(938) 547-0643","3799 875879 13371","06/11/23","$51.96","Olga's",1,"Yes"
"Rashad Glenn","(442) 808-8546","448 54757 48434 238","01/13/23","$21.69","Ninita",2,"Yes"
"Rose Cleveland","(910) 421-2279","554722 8967845873","06/01/23","$175.00","Charlestown Brewery Pub",2,"No"
"Althea Delacruz","(628) 125-5664","453938 497547 3529","10/04/23","$25.61","Ninita",1,"Yes"
"Bernard Carroll","(461) 454-6275","4556 3465 2733 7245","04/06/23","$64.77","Charlestown Brewery Pub",3,"No"
"Chester Dejesus","(248) 271-5415","536613 386652 3266","09/08/22","$45.91","Ninita",3,"Yes"
"Lois Pugh","(409) 732-9504","4556655487232448","01/25/23","$173.18","Charlestown Brewery Pub",4,"Yes"
"Lynn Torres","(228) 388-1181","448 57582 67579 420","08/06/23","$138.80","Charlestown Brewery Pub",1,"Yes"
"Rhona Mitchell","(345) 322-4582","342967483558474","06/29/23","$76.73","Olga's",1,"Yes"
"Nathaniel Harmon","(443) 638-8773","344551176795748","07/15/23","$98.71","Ninita",3,"No"
"Quynn Schroeder","(642) 426-3956","5363341514441715","09/15/22","$74.42","Olga's",3,"No"
"Carl Hodges","(538) 768-8016","453 91479 24673 618","12/13/22","$105.52","Ninita",2,"No"
"Orla Pruitt","(256) 475-7556","4024007177926","01/02/23","$146.66","Ninita",2,"No"
"Hu Phillips","(758) 373-5211","4539 9353 4825 3730","09/10/23","$161.80","Charlestown Brewery Pub",3,"No"
"Nichole Ford","(326) 319-5782","372488188425722","10/28/22","$137.38","Charlestown Brewery Pub",1,"Yes"
"Chandler Roman","(936) 214-6512","552281 9936668260","07/06/23","$159.38","Ninita",1,"No"
"Ignatius Saunders","(265) 418-1018","531681 293754 5272","02/03/23","$197.97","Ninita",2,"Yes"
"Allistair Roth","(617) 207-6967","346364862312721","09/04/22","$203.26","Ninita",1,"Yes"
"Hunter Bryan","(522) 281-0962","3476 326433 73694","05/04/23","$217.19","Olga's",2,"No"
"Sarah Sparks","(731) 640-6853","5153663813693264","10/10/23","$155.14","Olga's",1,"No"
"Imani Thompson","(338) 265-5606","346481559498595","03/18/23","$13.27","Ninita",4,"No"
"Gail Hall","(573) 176-2884","4929 367 38 1381","08/07/23","$135.71","Ninita",2,"Yes"
"Yen Newton","(115) 723-5736","4532 1293 4929 8343","03/08/23","$169.98","Ninita",3,"No"
"Griffith Wise","(429) 711-5275","556788 2562337820","10/19/22","$71.00","Olga's",3,"Yes"
"Oprah Evans","(754) 778-9145","4716 2987 4354 6744","09/21/23","$172.25","Olga's",3,"Yes"
"Shea Harper","(668) 686-1878","4024007152812","01/03/23","$158.79","Ninita",1,"No"
"Lane Roach","(248) 357-1812","4539 8923 1687 6788","01/28/23","$28.89","Charlestown Brewery Pub",3,"No"
"Xantha Mckee","(643) 743-4939","4716 5778 8334 9872","06/19/23","$149.03","Charlestown Brewery Pub",3,"No"
"Abigail Compton","(444) 151-3775","532532 448561 1661","01/10/23","$203.84","Ninita",3,"Yes"
"Wynne Hendricks","(557) 818-7134","5544888563443853","10/28/23","$217.80","Ninita",2,"Yes"
"Norman Cash","(399) 602-6907","526847 165339 3330","10/14/22","$63.28","Ninita",3,"Yes"
"Mariam Byrd","(482) 534-7896","3457 359837 35778","11/06/22","$88.83","Charlestown Brewery Pub",3,"Yes"
"Danielle Mcknight","(637) 869-5544","4716556582635666","06/17/23","$205.74","Ninita",2,"Yes"
"Raya Mccray","(540) 622-6234","4716 2757 5392 4656","12/07/22","$228.53","Ninita",3,"No"
"Noble Garcia","(885) 489-4167","522577 7272195779","04/01/23","$38.78","Charlestown Brewery Pub",4,"Yes"
"Veda Wyatt","(334) 186-0575","5586718413583526","08/03/23","$180.68","Ninita",4,"Yes"
"Octavius Gilmore","(707) 521-9401","554 85858 27731 455","09/08/23","$146.06","Charlestown Brewery Pub",1,"No"
"Castor Bryant","(616) 472-2728","372389232135210","07/26/23","$204.23","Olga's",4,"Yes"
"Callie Bowen","(855) 247-1121","5248116234227334","07/23/23","$192.98","Olga's",2,"Yes"
"Marny Williams","(368) 717-1255","543 93649 81243 232","10/22/23","$208.94","Charlestown Brewery Pub",2,"Yes"
"Jolie Johnston","(108) 222-6416","344644423444143","02/14/23","$124.79","Charlestown Brewery Pub",2,"No"
"Haley Yates","(551) 433-6712","528 81735 74386 783","01/03/23","$126.58","Olga's",2,"Yes"
"Madeline Mendoza","(337) 438-0468","455636 6575289270","08/20/23","$79.77","Charlestown Brewery Pub",3,"No"
"Lareina Guzman","(545) 251-1811","4614888113238","06/03/23","$165.76","Ninita",3,"No"
"Mara Medina","(754) 524-7112","524985 233561 6772","08/26/23","$200.75","Charlestown Brewery Pub",2,"No"
"Ivor Murray","(926) 708-4331","343659847661479","05/08/23","$92.52","Ninita",4,"No"
"Zia Drake","(466) 589-4486","5126 4526 7127 8325","12/30/22","$56.15","Olga's",1,"No"
"Herrod Ashley","(853) 652-6377","4929758268823870","04/25/23","$119.86","Ninita",1,"Yes"
"Brynne Dominguez","(872) 685-2378","377221515488955","04/09/23","$77.02","Charlestown Brewery Pub",2,"Yes"
"Kiara Bates","(587) 495-2621","341473968372680","09/25/22","$122.31","Ninita",2,"Yes"
"Noble Allison","(475) 851-8243","546355 4162473280","04/28/23","$37.86","Charlestown Brewery Pub",3,"No"
"Denise Hancock","(861) 472-1455","4485 246 56 6676","10/16/22","$55.56","Charlestown Brewery Pub",2,"No"
"Dai Terrell","(785) 735-8191","537478 2273936774","08/23/23","$169.81","Ninita",2,"Yes"
"Graham Barrett","(481) 317-6127","3477 753183 36569","03/20/23","$46.71","Ninita",4,"No"
"Mira Blake","(272) 343-2772","4716 821 75 7276","05/10/23","$137.02","Olga's",3,"Yes"
"Evan Erickson","(672) 307-2824","3782 115675 36727","05/16/23","$48.09","Olga's",2,"No"
"Ila Downs","(295) 454-1293","551268 5865453681","01/06/23","$138.49","Ninita",1,"Yes"
"Dominic O'brien","(576) 264-9256","3447 654584 96888","03/01/23","$216.54","Ninita",3,"No"
"Jesse Hendricks","(475) 211-1665","527226 7132896867","03/05/23","$184.20","Ninita",2,"Yes"
"Troy Martinez","(914) 171-3744","5578794857345474","04/05/23","$63.03","Charlestown Brewery Pub",1,"Yes"
"Karly Fernandez","(766) 758-2115","4929 769 23 3727","10/10/23","$40.47","Ninita",4,"Yes"
"Colette Dalton","(577) 771-4680","535542 373571 5638","02/21/23","$24.05","Ninita",2,"No"
"Armand Lara","(282) 735-0544","492925 667479 2284","03/02/23","$196.34","Olga's",1,"Yes"
"Tobias Howell","(183) 897-7481","5464315749767746","07/24/23","$137.76","Olga's",1,"Yes"
"Ivor Lawrence","(353) 242-3277","373323848592257","10/27/22","$199.44","Ninita",3,"No"
"Hedda Singleton","(846) 195-4548","533455 8383122441","11/06/22","$151.30","Olga's",3,"Yes"
"Mark Foster","(347) 713-0059","471682 771544 3744","03/14/23","$228.67","Ninita",2,"Yes"
"Wade Barnett","(654) 851-3765","3756 612527 52620","08/04/23","$144.08","Olga's",1,"Yes"
"Lesley Buckner","(725) 844-2270","4024 007 12 7392","09/02/22","$153.55","Charlestown Brewery Pub",2,"No"
"Mona Hood","(483) 826-8583","3769 699133 55413","08/21/23","$212.47","Charlestown Brewery Pub",3,"Yes"
"Lillith Ross","(569) 834-2213","558256 689229 2570","10/07/22","$181.54","Olga's",3,"Yes"
"Robin Fowler","(838) 656-2764","536675 255761 2425","05/08/23","$161.59","Charlestown Brewery Pub",2,"No"
"Lyle Russell","(169) 674-9561","3416 632463 51668","11/26/22","$74.66","Olga's",1,"Yes"
"Danielle Sanford","(634) 135-5638","3774 648445 28584","09/20/23","$44.36","Ninita",2,"Yes"
"Felix Rodriguez","(145) 862-7443","535 75863 97834 570","10/19/22","$226.00","Charlestown Brewery Pub",2,"Yes"
"Ahmed Cunningham","(488) 760-3016","373845222847899","10/07/22","$152.62","Ninita",3,"No"
"Justin Cooper","(525) 692-9566","4532 538 63 5774","09/09/22","$165.03","Ninita",3,"No"
"Naomi Hicks","(636) 447-1113","453256 5836887454","05/23/23","$194.95","Ninita",4,"Yes"
"Signe Cross","(852) 520-7747","4929389542338962","10/21/22","$205.81","Ninita",2,"Yes"
"Edan Frazier","(476) 308-4537","402400 713343 5583","10/28/23","$97.54","Charlestown Brewery Pub",2,"Yes"
"Melinda Powell","(662) 370-4331","3477 726487 85318","04/21/23","$18.50","Olga's",1,"Yes"
"Slade Mathews","(761) 627-2474","491676 9745355753","09/24/23","$225.98","Olga's",2,"No"
"Beatrice Franks","(524) 726-8230","454632 783352 9843","04/21/23","$127.48","Charlestown Brewery Pub",1,"No"
"Janna Wade","(744) 935-8717","3725 447589 74620","10/14/22","$29.39","Charlestown Brewery Pub",3,"No"
"Keegan Parks","(834) 872-6486","373344842837837","12/10/22","$10.93","Ninita",3,"No"
"Martena Wallace","(997) 305-2671","4539 345 55 7398","07/15/23","$109.72","Olga's",2,"No"
"Ifeoma Gentry","(415) 707-0364","4716556847763","08/21/23","$98.37","Charlestown Brewery Pub",1,"Yes"
"Zoe Collier","(787) 714-9823","4929887246346","09/22/23","$52.27","Charlestown Brewery Pub",2,"Yes"
"Uriel Greene","(737) 616-3148","4716624255270","02/05/23","$56.54","Ninita",4,"Yes"
"Iliana Mcfadden","(938) 941-5473","4916274887737967","10/08/23","$122.20","Charlestown Brewery Pub",3,"Yes"
"Raven Key","(592) 785-6534","402400 713896 2946","08/21/23","$205.67","Olga's",2,"No"
"Lana Hood","(799) 549-5501","5271 9631 8426 8259","10/29/23","$84.48","Olga's",3,"Yes"
"Bert Keith","(479) 741-5114","536388 657534 8274","03/25/23","$116.42","Ninita",2,"No"
"Idola Foreman","(673) 128-4382","448 56338 27257 884","10/30/22","$64.51","Ninita",3,"No"
"Theodore Powers","(347) 286-5745","402400 7125662699","07/08/23","$147.08","Charlestown Brewery Pub",3,"No"
"Mufutau Franco","(783) 566-3932","3754 275832 98331","12/10/22","$201.45","Charlestown Brewery Pub",2,"No"
"Indira Torres","(743) 252-2205","377392656776639","02/17/23","$118.28","Olga's",1,"Yes"
"Avram Cain","(843) 410-7952","4532 514 83 3336","10/27/22","$113.07","Charlestown Brewery Pub",3,"No"
"Mohammad Holloway","(388) 784-7606","3435 462552 72958","03/01/23","$38.15","Ninita",3,"No"
"Xantha Puckett","(166) 612-8584","377359133822641","07/17/23","$187.01","Olga's",1,"Yes"
"Olivia Davis","(636) 630-6358","545 18118 99492 130","12/12/22","$54.05","Ninita",3,"No"
"Daniel Francis","(885) 277-9691","3465 868658 86125","01/29/23","$57.66","Olga's",1,"No"
"Evelyn Casey","(172) 325-9466","5455457249386121","06/05/23","$107.50","Charlestown Brewery Pub",2,"No"
"Avram Tate","(269) 609-0813","524 63266 32465 624","02/18/23","$182.22","Charlestown Brewery Pub",3,"No"
"Brady Delacruz","(484) 902-9359","378332253277473","06/01/23","$221.08","Charlestown Brewery Pub",3,"Yes"
"Ina Glass","(288) 264-2856","529646 8336211257","06/09/23","$28.04","Ninita",3,"No"
"Stewart Castro","(534) 633-6200","538451 524355 1861","07/13/23","$78.19","Olga's",2,"Yes"
"Acton Buck","(694) 637-1379","4485644971312","04/07/23","$55.19","Ninita",3,"No"
"Nero Trevino","(646) 466-2876","4024007188428","05/10/23","$101.31","Charlestown Brewery Pub",1,"No"
"Rinah Klein","(768) 573-7782","3783 536672 28357","10/20/22","$32.99","Charlestown Brewery Pub",1,"No"
"Clark Alvarado","(944) 522-5564","4716 3234 8934 6446","12/08/22","$95.01","Ninita",4,"No"
"Kieran Sargent","(329) 828-2422","372394293895587","05/29/23","$97.39","Charlestown Brewery Pub",3,"No"
"Raven Nixon","(787) 621-6298","378826222915535","03/26/23","$212.65","Ninita",2,"No"
"Richard Carey","(366) 264-0872","512567 229149 5832","11/20/22","$205.57","Olga's",1,"Yes"
"Randall Blanchard","(474) 543-8340","4556 878 69 3564","12/25/22","$47.70","Olga's",4,"No"
"Stephanie Carter","(249) 946-4560","3743 373536 39310","05/02/23","$115.72","Olga's",1,"No"
"Urielle Cooper","(213) 274-7517","4532 772 49 6933","09/07/22","$127.35","Olga's",2,"Yes"
"Laura Stokes","(366) 459-6540","534283 6327665588","05/17/23","$101.63","Olga's",2,"Yes"
"Cailin Parsons","(759) 710-7816","535822 752664 8230","08/14/23","$117.43","Ninita",3,"Yes"
"Colt Baird","(211) 910-7923","423 42755 42274 887","04/21/23","$95.18","Ninita",2,"No"
"Zena Becker","(382) 725-3346","4716897341662777","08/17/23","$226.62","Olga's",2,"Yes"
"Hakeem Waller","(351) 228-7826","3789 526886 51529","02/06/23","$46.57","Olga's",1,"Yes"
"Jason West","(948) 575-7773","377163689543746","05/10/23","$116.36","Ninita",3,"No"
"Jerry Cook","(131) 501-1197","4485 977 88 3829","09/27/23","$108.77","Charlestown Brewery Pub",3,"No"
"Heidi Moore","(294) 519-2839","5466333685369342","04/28/23","$81.03","Ninita",2,"No"
